学生编号,姓名（脱敏）,专业,年级,学历,实习经历,获奖情况,简历文件名
EXP260925A-001,实验样本01,智能车辆工程,中职三年级,中职,实验模拟：参与新能源汽车总装流程观察，协助记录质检数据。,实验样例奖项：校级智能车技能赛二等奖（虚构数据）。,
EXP260925A-002,实验样本02,车辆工程,高职二年级,高职/大专,实验模拟：在校内实训室完成传感器接线与基础故障排查。,实验样例奖项：新能源汽车维护技能竞赛优胜奖（虚构数据）。,
EXP260925A-003,实验样本03,汽车检测与维修技术,大专三年级,高职/大专,实验模拟：参与智能车测试项目，整理道路测试问题清单。,实验样例奖项：校级电子装调竞赛三等奖（虚构数据）。,
EXP260925A-004,实验样本04,新能源汽车技术,本科大三,本科,实验模拟：协助维护电池管理系统实训设备并记录运行数据。,无（实验样例）。,
EXP260925A-005,实验样本05,汽车电子技术,硕士一年级,硕士,实验模拟：完成汽车电子模块装配、焊接与通断检查实训。,实验样例奖项：职业规划展示活动优秀奖（虚构数据）。,
EXP260925A-006,实验样本06,智能车辆工程,中职三年级,中职,实验模拟：参与车辆诊断实训，按流程读取并归档故障码。,实验样例奖项：校级智能车技能赛二等奖（虚构数据）。,
EXP260925A-007,实验样本07,车辆工程,高职二年级,高职/大专,实验模拟：协助制作自动驾驶感知测试用例及结果记录表。,实验样例奖项：新能源汽车维护技能竞赛优胜奖（虚构数据）。,
EXP260925A-008,实验样本08,汽车检测与维修技术,大专三年级,高职/大专,实验模拟：在校企实训中完成电机控制器基础测试任务。,实验样例奖项：校级电子装调竞赛三等奖（虚构数据）。,
EXP260925A-009,实验样本09,新能源汽车技术,本科大三,本科,实验模拟：参与汽车售后服务接待演练与维修工单整理。,无（实验样例）。,
EXP260925A-010,实验样本10,汽车电子技术,硕士一年级,硕士,实验模拟：完成整车线束检查及装配质量抽检练习.,实验样例奖项：职业规划展示活动优秀奖（虚构数据）。,
EXP260925A-011,实验样本11,智能车辆工程,中职三年级,中职,实验模拟：参与新能源汽车总装流程观察，协助记录质检数据。,实验样例奖项：校级智能车技能赛二等奖（虚构数据）。,
EXP260925A-012,实验样本12,车辆工程,高职二年级,高职/大专,实验模拟：在校内实训室完成传感器接线与基础故障排查。,实验样例奖项：新能源汽车维护技能竞赛优胜奖（虚构数据）。,
EXP260925A-013,实验样本13,汽车检测与维修技术,大专三年级,高职/大专,实验模拟：参与智能车测试项目，整理道路测试问题清单。,实验样例奖项：校级电子装调竞赛三等奖（虚构数据）。,
EXP260925A-014,实验样本14,新能源汽车技术,本科大三,本科,实验模拟：协助维护电池管理系统实训设备并记录运行数据。,无（实验样例）。,
EXP260925A-015,实验样本15,汽车电子技术,硕士一年级,硕士,实验模拟：完成汽车电子模块装配、焊接与通断检查实训。,实验样例奖项：职业规划展示活动优秀奖（虚构数据）。,
EXP260925A-016,实验样本16,智能车辆工程,中职三年级,中职,实验模拟：参与车辆诊断实训，按流程读取并归档故障码。,实验样例奖项：校级智能车技能赛二等奖（虚构数据）。,
EXP260925A-017,实验样本17,车辆工程,高职二年级,高职/大专,实验模拟：协助制作自动驾驶感知测试用例及结果记录表。,实验样例奖项：新能源汽车维护技能竞赛优胜奖（虚构数据）。,
EXP260925A-018,实验样本18,汽车检测与维修技术,大专三年级,高职/大专,实验模拟：在校企实训中完成电机控制器基础测试任务。,实验样例奖项：校级电子装调竞赛三等奖（虚构数据）。,
EXP260925A-019,实验样本19,新能源汽车技术,本科大三,本科,实验模拟：参与汽车售后服务接待演练与维修工单整理。,无（实验样例）。,
EXP260925A-020,实验样本20,汽车电子技术,硕士一年级,硕士,实验模拟：完成整车线束检查及装配质量抽检练习.,实验样例奖项：职业规划展示活动优秀奖（虚构数据）。,
EXP260925A-021,实验样本21,智能车辆工程,中职三年级,中职,实验模拟：参与新能源汽车总装流程观察，协助记录质检数据。,实验样例奖项：校级智能车技能赛二等奖（虚构数据）。,
EXP260925A-022,实验样本22,车辆工程,高职二年级,高职/大专,实验模拟：在校内实训室完成传感器接线与基础故障排查。,实验样例奖项：新能源汽车维护技能竞赛优胜奖（虚构数据）。,
EXP260925A-023,实验样本23,汽车检测与维修技术,大专三年级,高职/大专,实验模拟：参与智能车测试项目，整理道路测试问题清单。,实验样例奖项：校级电子装调竞赛三等奖（虚构数据）。,
EXP260925A-024,实验样本24,新能源汽车技术,本科大三,本科,实验模拟：协助维护电池管理系统实训设备并记录运行数据。,无（实验样例）。,
EXP260925A-025,实验样本25,汽车电子技术,硕士一年级,硕士,实验模拟：完成汽车电子模块装配、焊接与通断检查实训。,实验样例奖项：职业规划展示活动优秀奖（虚构数据）。,
EXP260925A-026,实验样本26,智能车辆工程,中职三年级,中职,实验模拟：参与车辆诊断实训，按流程读取并归档故障码。,实验样例奖项：校级智能车技能赛二等奖（虚构数据）。,
EXP260925A-027,实验样本27,车辆工程,高职二年级,高职/大专,实验模拟：协助制作自动驾驶感知测试用例及结果记录表。,实验样例奖项：新能源汽车维护技能竞赛优胜奖（虚构数据）。,
EXP260925A-028,实验样本28,汽车检测与维修技术,大专三年级,高职/大专,实验模拟：在校企实训中完成电机控制器基础测试任务。,实验样例奖项：校级电子装调竞赛三等奖（虚构数据）。,
EXP260925A-029,实验样本29,新能源汽车技术,本科大三,本科,实验模拟：参与汽车售后服务接待演练与维修工单整理。,无（实验样例）。,
EXP260925A-030,实验样本30,汽车电子技术,硕士一年级,硕士,实验模拟：完成整车线束检查及装配质量抽检练习.,实验样例奖项：职业规划展示活动优秀奖（虚构数据）。,
EXP260925A-031,实验样本31,智能车辆工程,中职三年级,中职,实验模拟：参与新能源汽车总装流程观察，协助记录质检数据。,实验样例奖项：校级智能车技能赛二等奖（虚构数据）。,
EXP260925A-032,实验样本32,车辆工程,高职二年级,高职/大专,实验模拟：在校内实训室完成传感器接线与基础故障排查。,实验样例奖项：新能源汽车维护技能竞赛优胜奖（虚构数据）。,
EXP260925A-033,实验样本33,汽车检测与维修技术,大专三年级,高职/大专,实验模拟：参与智能车测试项目，整理道路测试问题清单。,实验样例奖项：校级电子装调竞赛三等奖（虚构数据）。,
EXP260925A-034,实验样本34,新能源汽车技术,本科大三,本科,实验模拟：协助维护电池管理系统实训设备并记录运行数据。,无（实验样例）。,
EXP260925A-035,实验样本35,汽车电子技术,硕士一年级,硕士,实验模拟：完成汽车电子模块装配、焊接与通断检查实训。,实验样例奖项：职业规划展示活动优秀奖（虚构数据）。,
EXP260925A-036,实验样本36,智能车辆工程,中职三年级,中职,实验模拟：参与车辆诊断实训，按流程读取并归档故障码。,实验样例奖项：校级智能车技能赛二等奖（虚构数据）。,
EXP260925A-037,实验样本37,车辆工程,高职二年级,高职/大专,实验模拟：协助制作自动驾驶感知测试用例及结果记录表。,实验样例奖项：新能源汽车维护技能竞赛优胜奖（虚构数据）。,
EXP260925A-038,实验样本38,汽车检测与维修技术,大专三年级,高职/大专,实验模拟：在校企实训中完成电机控制器基础测试任务。,实验样例奖项：校级电子装调竞赛三等奖（虚构数据）。,
EXP260925A-039,实验样本39,新能源汽车技术,本科大三,本科,实验模拟：参与汽车售后服务接待演练与维修工单整理。,无（实验样例）。,
EXP260925A-040,实验样本40,汽车电子技术,硕士一年级,硕士,实验模拟：完成整车线束检查及装配质量抽检练习.,实验样例奖项：职业规划展示活动优秀奖（虚构数据）。,
EXP260925A-041,实验样本41,智能车辆工程,中职三年级,中职,实验模拟：参与新能源汽车总装流程观察，协助记录质检数据。,实验样例奖项：校级智能车技能赛二等奖（虚构数据）。,
EXP260925A-042,实验样本42,车辆工程,高职二年级,高职/大专,实验模拟：在校内实训室完成传感器接线与基础故障排查。,实验样例奖项：新能源汽车维护技能竞赛优胜奖（虚构数据）。,
EXP260925A-043,实验样本43,汽车检测与维修技术,大专三年级,高职/大专,实验模拟：参与智能车测试项目，整理道路测试问题清单。,实验样例奖项：校级电子装调竞赛三等奖（虚构数据）。,
EXP260925A-044,实验样本44,新能源汽车技术,本科大三,本科,实验模拟：协助维护电池管理系统实训设备并记录运行数据。,无（实验样例）。,
EXP260925A-045,实验样本45,汽车电子技术,硕士一年级,硕士,实验模拟：完成汽车电子模块装配、焊接与通断检查实训。,实验样例奖项：职业规划展示活动优秀奖（虚构数据）。,
EXP260925A-046,实验样本46,智能车辆工程,中职三年级,中职,实验模拟：参与车辆诊断实训，按流程读取并归档故障码。,实验样例奖项：校级智能车技能赛二等奖（虚构数据）。,
EXP260925A-047,实验样本47,车辆工程,高职二年级,高职/大专,实验模拟：协助制作自动驾驶感知测试用例及结果记录表。,实验样例奖项：新能源汽车维护技能竞赛优胜奖（虚构数据）。,
EXP260925A-048,实验样本48,汽车检测与维修技术,大专三年级,高职/大专,实验模拟：在校企实训中完成电机控制器基础测试任务。,实验样例奖项：校级电子装调竞赛三等奖（虚构数据）。,
EXP260925A-049,实验样本49,新能源汽车技术,本科大三,本科,实验模拟：参与汽车售后服务接待演练与维修工单整理。,无（实验样例）。,
EXP260925A-050,实验样本50,汽车电子技术,硕士一年级,硕士,实验模拟：完成整车线束检查及装配质量抽检练习.,实验样例奖项：职业规划展示活动优秀奖（虚构数据）。,
